{"designerVersion":"1.4.34","id":"bc3538e5-eb46-4907-9bce-dc4519ecb451","name":"SuiviDesDemandes","type":"page","lastUpdate":1490196766451,"rows":[[{"type":"component","dimension":{"xs":12},"propertyValues":{"cssClasses":{"type":"constant","value":""},"hidden":{"type":"constant","value":false},"text":{"type":"interpolation","value":"Application de gestion des demandes de congés"},"level":{"type":"constant","value":"Level 2"},"alignment":{"type":"constant","value":"center"}},"reference":"037ad331-9505-4bd2-af4e-cc10f527e28d","id":"pbTitle"}],[{"type":"formContainer","dimension":{"xs":12},"propertyValues":{"cssClasses":{"type":"constant","value":""},"hidden":{"type":"constant","value":false}},"reference":"ef3f2358-982f-43e9-becb-6558f0f998f3","container":{"type":"container","dimension":{"xs":12},"propertyValues":{},"reference":"8af950cd-3642-4d53-aebb-c893f6a7fa9d","rows":[[{"type":"component","dimension":{"xs":6},"propertyValues":{"cssClasses":{"type":"constant","value":""},"hidden":{"type":"constant","value":false},"readOnly":{"type":"constant","value":false},"required":{"type":"constant","value":false},"labelHidden":{"type":"constant","value":false},"label":{"type":"interpolation","value":"Date de début"},"labelPosition":{"type":"constant","value":"top"},"labelWidth":{"type":"constant","value":4},"placeholder":{"type":"interpolation","value":"Enter a date (mm/dd/yyyy)"},"value":{"type":"variable","value":"nouvelleDemandeConges.demandeInput.dateDebut"},"dateFormat":{"type":"constant","value":"MM/dd/yyyy"},"showToday":{"type":"constant","value":false}},"reference":"9b45e14b-9390-4a5c-a20d-dfa597ac95cc","id":"pbDatePicker"},{"type":"component","dimension":{"xs":6},"propertyValues":{"cssClasses":{"type":"constant","value":""},"hidden":{"type":"constant","value":false},"required":{"type":"constant","value":false},"minLength":{"type":"constant","value":""},"maxLength":{"type":"constant","value":""},"readOnly":{"type":"constant","value":false},"labelHidden":{"type":"constant","value":false},"label":{"type":"interpolation","value":"Nombre de jours"},"labelPosition":{"type":"constant","value":"top"},"labelWidth":{"type":"constant","value":4},"placeholder":{"type":"interpolation"},"value":{"type":"variable","value":"nouvelleDemandeConges.demandeInput.nombreJours"},"type":{"type":"constant","value":"text"},"min":{"type":"constant"},"max":{"type":"constant"},"step":{"type":"constant","value":1}},"reference":"81c028ac-449e-4543-9902-3acfd69e62a6","id":"pbInput"}],[{"type":"component","dimension":{"xs":12},"propertyValues":{"cssClasses":{"type":"constant","value":""},"hidden":{"type":"constant","value":false},"disabled":{"type":"constant","value":false},"label":{"type":"interpolation","value":"Créer une nouvelle demande"},"alignment":{"type":"constant","value":"center"},"buttonStyle":{"type":"constant","value":"primary"},"action":{"type":"constant","value":"POST"},"url":{"type":"interpolation","value":"../API/bpm/process/{{informationDefinitionProcessus[0].id}}/instantiation"},"dataToSend":{"type":"expression","value":"nouvelleDemandeConges"},"dataFromSuccess":{"type":"variable"},"dataFromError":{"type":"variable"},"targetUrlOnSuccess":{"type":"interpolation","value":"/bonita/apps/demandeConges"},"collectionToModify":{"type":"variable"},"collectionPosition":{"type":"constant","value":"Last"},"valueToAdd":{"type":"constant"},"removeItem":{"type":"variable"}},"reference":"5c5db0db-0640-440b-8c89-a8b41f59a153","id":"pbButton"}]]}}],[{"type":"component","dimension":{"xs":12},"propertyValues":{"cssClasses":{"type":"constant","value":""},"hidden":{"type":"constant","value":false},"text":{"type":"interpolation","value":"Suivi des demandes"},"level":{"type":"constant","value":"Level 4"},"alignment":{"type":"constant","value":"center"}},"reference":"0c16815c-46d3-44ee-a7f0-76fdaeb44147","id":"pbTitle"}],[{"type":"container","dimension":{"xs":12},"propertyValues":{"cssClasses":{"type":"constant","value":""},"hidden":{"type":"constant","value":false},"repeatedCollection":{"type":"variable","value":"demandesConges"}},"reference":"ba83a1f4-fcb7-4889-86f9-b372cc1ad8d1","rows":[[{"type":"component","dimension":{"xs":3},"propertyValues":{"cssClasses":{"type":"constant","value":""},"hidden":{"type":"constant","value":false},"required":{"type":"constant","value":false},"minLength":{"type":"constant","value":""},"maxLength":{"type":"constant","value":""},"readOnly":{"type":"constant","value":true},"labelHidden":{"type":"constant","value":false},"label":{"type":"interpolation","value":"Num"},"labelPosition":{"type":"constant","value":"top"},"labelWidth":{"type":"constant","value":4},"placeholder":{"type":"interpolation"},"value":{"type":"variable","value":"$index + 1"},"type":{"type":"constant","value":"text"},"min":{"type":"constant"},"max":{"type":"constant"},"step":{"type":"constant","value":1}},"reference":"c65c11c2-555e-431e-88f8-4db68351f94a","id":"pbInput"},{"type":"component","dimension":{"xs":3},"propertyValues":{"cssClasses":{"type":"constant","value":""},"hidden":{"type":"constant","value":false},"readOnly":{"type":"constant","value":true},"required":{"type":"constant","value":false},"labelHidden":{"type":"constant","value":false},"label":{"type":"interpolation","value":"Date de début"},"labelPosition":{"type":"constant","value":"top"},"labelWidth":{"type":"constant","value":4},"placeholder":{"type":"interpolation","value":"Enter a date (mm/dd/yyyy)"},"value":{"type":"variable","value":"$item.dateDebut"},"dateFormat":{"type":"constant","value":"dd/MM/yyyy"},"showToday":{"type":"constant","value":false}},"reference":"fdaa61e1-0ea1-45dd-af0f-424093f4acac","id":"pbDatePicker"},{"type":"component","dimension":{"xs":3},"propertyValues":{"cssClasses":{"type":"constant","value":""},"hidden":{"type":"constant","value":false},"required":{"type":"constant","value":false},"minLength":{"type":"constant","value":""},"maxLength":{"type":"constant","value":""},"readOnly":{"type":"constant","value":true},"labelHidden":{"type":"constant","value":false},"label":{"type":"interpolation","value":"Nombre de jours"},"labelPosition":{"type":"constant","value":"top"},"labelWidth":{"type":"constant","value":4},"placeholder":{"type":"interpolation"},"value":{"type":"variable","value":"$item.nombreJours"},"type":{"type":"constant","value":"text"},"min":{"type":"constant"},"max":{"type":"constant"},"step":{"type":"constant","value":1}},"reference":"dfa3327c-f9e8-433c-8bbc-0fda54c508ae","id":"pbInput"},{"type":"component","dimension":{"xs":3},"propertyValues":{"cssClasses":{"type":"constant","value":""},"hidden":{"type":"constant","value":false},"required":{"type":"constant","value":false},"minLength":{"type":"constant","value":""},"maxLength":{"type":"constant","value":""},"readOnly":{"type":"constant","value":true},"labelHidden":{"type":"constant","value":false},"label":{"type":"interpolation","value":"Statut"},"labelPosition":{"type":"constant","value":"top"},"labelWidth":{"type":"constant","value":4},"placeholder":{"type":"interpolation"},"value":{"type":"variable","value":"$item.estApprouveeLabel"},"type":{"type":"constant","value":"text"},"min":{"type":"constant"},"max":{"type":"constant"},"step":{"type":"constant","value":1}},"reference":"95221854-9c01-40cd-a77d-250344166242","id":"pbInput"}]]}]],"assets":[],"inactiveAssets":[],"data":{"sessionInfo":{"type":"url","value":"../API/system/session/unusedId","exposed":false},"demandesConges":{"type":"url","value":"../API/bdm/businessData/com.company.model.DemandeConges?q=findByIdDemandeur&p=0&c=100&f=idDemandeur={{sessionInfo.user_id}}","exposed":false},"ajoutLibelleStatutDemandeConges":{"type":"expression","value":"for (let demande of $data.demandesConges) {\n   if(demande.estApprouvee)  {\n       demande.estApprouveeLabel = \"Approuvée\";\n   } else if(demande.estApprouvee === false) {\n       demande.estApprouveeLabel = \"Rejetée\";\n   } else {\n       demande.estApprouveeLabel = \"En cours\";\n   }\n}","exposed":false},"nouvelleDemandeConges":{"type":"json","value":"{\n    \"demandeInput\" : {\n        \"dateDebut\" : null,\n        \"nombreJours\" : null\n    }\n}","exposed":false},"informationDefinitionProcessus":{"type":"url","value":"../API/bpm/process?p=0&c=100&o=version%20DESC&f=name=Demande%20de%20cong%C3%A9s","exposed":false}}}