{"designerVersion":"1.3.25","favorite":false,"id":"cebdaaa0-319e-43f3-ab10-cc208fefb8f4","name":"SuiviDesDemandes","type":"page","lastUpdate":1480599419864,"rows":[[{"type":"component","dimension":{"xs":12},"propertyValues":{"cssClasses":{"type":"constant","value":""},"hidden":{"type":"constant","value":false},"text":{"type":"interpolation","value":"Application de gestion des demandes de congés"},"level":{"type":"constant","value":"Level 2"},"alignment":{"type":"constant","value":"center"}},"reference":"e006e03c-0547-4aa3-8410-91efce83e22a","id":"pbTitle"}],[{"type":"formContainer","dimension":{"xs":12},"propertyValues":{"cssClasses":{"type":"constant","value":""},"hidden":{"type":"constant","value":false}},"reference":"9b640ae7-8556-4283-8d0f-36e4de5396bc","container":{"type":"container","dimension":{"xs":12},"propertyValues":{},"reference":"476fb1c9-aaa1-4a88-a6f7-a4f36772759c","rows":[[{"type":"component","dimension":{"xs":6},"propertyValues":{"cssClasses":{"type":"constant","value":""},"hidden":{"type":"constant","value":false},"readOnly":{"type":"constant","value":false},"required":{"type":"constant","value":true},"labelHidden":{"type":"constant","value":false},"label":{"type":"interpolation","value":"Date de début"},"labelPosition":{"type":"constant","value":"top"},"labelWidth":{"type":"constant","value":4},"placeholder":{"type":"interpolation","value":"dd/mm/yyyy"},"value":{"type":"variable","value":"nouvelleDemandeConges.demandeInput.dateDebut"},"dateFormat":{"type":"constant","value":"dd/MM/yyyy"},"showToday":{"type":"constant","value":false}},"reference":"15e1f180-abb9-4d3b-86e5-de7d13cc9971","id":"pbDatePicker"},{"type":"component","dimension":{"xs":6},"propertyValues":{"cssClasses":{"type":"constant","value":""},"hidden":{"type":"constant","value":false},"required":{"type":"constant","value":true},"minLength":{"type":"constant","value":""},"maxLength":{"type":"constant","value":""},"readOnly":{"type":"constant","value":false},"labelHidden":{"type":"constant","value":false},"label":{"type":"interpolation","value":"Nombre de jours"},"labelPosition":{"type":"constant","value":"top"},"labelWidth":{"type":"constant","value":4},"placeholder":{"type":"interpolation"},"value":{"type":"variable","value":"nouvelleDemandeConges.demandeInput.nombreJours"},"type":{"type":"constant","value":"number"},"min":{"type":"constant","value":1},"max":{"type":"constant"},"step":{"type":"constant","value":1}},"reference":"92ad9738-11bd-45d2-89ae-018cd5fa22ab","id":"pbInput"}],[{"type":"component","dimension":{"xs":12},"propertyValues":{"cssClasses":{"type":"constant","value":""},"hidden":{"type":"constant","value":false},"disabled":{"type":"constant","value":false},"label":{"type":"interpolation","value":"Créer une nouvelle demande"},"alignment":{"type":"constant","value":"center"},"buttonStyle":{"type":"constant","value":"primary"},"action":{"type":"constant","value":"POST"},"url":{"type":"interpolation","value":"../API/bpm/process/{{informationDefinitionProcessus[0].id}}/instantiation"},"dataToSend":{"type":"expression","value":"nouvelleDemandeConges"},"dataFromSuccess":{"type":"variable","value":"/bonita/apps/demandeConges"},"dataFromError":{"type":"variable"},"targetUrlOnSuccess":{"type":"interpolation"},"collectionToModify":{"type":"variable"},"collectionPosition":{"type":"constant","value":"Last"},"valueToAdd":{"type":"constant"},"removeItem":{"type":"variable"}},"reference":"9e705681-79b0-40aa-b50d-df603fb928a9","id":"pbButton"}]]}}],[{"type":"component","dimension":{"xs":12},"propertyValues":{"cssClasses":{"type":"constant","value":""},"hidden":{"type":"constant","value":false},"text":{"type":"interpolation","value":"Suivi des demandes"},"level":{"type":"constant","value":"Level 4"},"alignment":{"type":"constant","value":"center"}},"reference":"2725cc1d-bb0c-4bcc-ab5b-4e49bec9f4ef","id":"pbTitle"}],[{"type":"container","dimension":{"xs":12},"propertyValues":{"cssClasses":{"type":"constant","value":""},"hidden":{"type":"constant","value":false},"repeatedCollection":{"type":"variable","value":"demandesConges"}},"reference":"f6982f2c-9e46-45d3-9f89-786ef859910a","rows":[[{"type":"component","dimension":{"xs":3},"propertyValues":{"cssClasses":{"type":"constant","value":""},"hidden":{"type":"constant","value":false},"required":{"type":"constant","value":false},"minLength":{"type":"constant","value":""},"maxLength":{"type":"constant","value":""},"readOnly":{"type":"constant","value":true},"labelHidden":{"type":"constant","value":false},"label":{"type":"interpolation","value":"Num"},"labelPosition":{"type":"constant","value":"top"},"labelWidth":{"type":"constant","value":4},"placeholder":{"type":"interpolation"},"value":{"type":"variable","value":"$index + 1"},"type":{"type":"constant","value":"text"},"min":{"type":"constant"},"max":{"type":"constant"},"step":{"type":"constant","value":1}},"reference":"fadaf681-0441-412f-b959-1e8ba04870ec","id":"pbInput"},{"type":"component","dimension":{"xs":3},"propertyValues":{"cssClasses":{"type":"constant","value":""},"hidden":{"type":"constant","value":false},"readOnly":{"type":"constant","value":true},"required":{"type":"constant","value":false},"labelHidden":{"type":"constant","value":false},"label":{"type":"interpolation","value":"Date de début"},"labelPosition":{"type":"constant","value":"top"},"labelWidth":{"type":"constant","value":4},"placeholder":{"type":"interpolation","value":"Enter a date (mm/dd/yyyy)"},"value":{"type":"variable","value":"$item.dateDebut"},"dateFormat":{"type":"constant","value":"MM/dd/yyyy"},"showToday":{"type":"constant","value":false}},"reference":"9dcb561b-5cae-409a-bd1b-19ee93c52cc0","id":"pbDatePicker"},{"type":"component","dimension":{"xs":3},"propertyValues":{"cssClasses":{"type":"constant","value":""},"hidden":{"type":"constant","value":false},"required":{"type":"constant","value":false},"minLength":{"type":"constant","value":""},"maxLength":{"type":"constant","value":""},"readOnly":{"type":"constant","value":true},"labelHidden":{"type":"constant","value":false},"label":{"type":"interpolation","value":"Nombre de jours"},"labelPosition":{"type":"constant","value":"top"},"labelWidth":{"type":"constant","value":4},"placeholder":{"type":"interpolation"},"value":{"type":"variable","value":"$item.nombreJours"},"type":{"type":"constant","value":"text"},"min":{"type":"constant"},"max":{"type":"constant"},"step":{"type":"constant","value":1}},"reference":"d700d74d-1a78-4411-a0ad-e0fd335d9ee9","id":"pbInput"},{"type":"component","dimension":{"xs":3},"propertyValues":{"cssClasses":{"type":"constant","value":""},"hidden":{"type":"constant","value":false},"required":{"type":"constant","value":false},"minLength":{"type":"constant","value":""},"maxLength":{"type":"constant","value":""},"readOnly":{"type":"constant","value":true},"labelHidden":{"type":"constant","value":false},"label":{"type":"interpolation","value":"Statut"},"labelPosition":{"type":"constant","value":"top"},"labelWidth":{"type":"constant","value":4},"placeholder":{"type":"interpolation"},"value":{"type":"variable","value":"$item.estApprouveeLabel"},"type":{"type":"constant","value":"text"},"min":{"type":"constant"},"max":{"type":"constant"},"step":{"type":"constant","value":1}},"reference":"c04992e1-4f60-4dff-963a-d3ccd9786210","id":"pbInput"}]]}]],"assets":[],"inactiveAssets":[],"data":{"sessionInfo":{"type":"url","value":"../API/system/session/unusedId","exposed":false},"demandesConges":{"type":"url","value":"../API/bdm/businessData/com.company.model.DemandeConges?q=findByIdDemandeur&p=0&c=100&f=idDemandeur={{sessionInfo.user_id}}","exposed":false},"ajoutLibelleStatutDemandeConges":{"type":"expression","value":"for (let line of $data.demandesConges) {\n    if (line.estApprouvee === null) {\n        line.estApprouveeLabel = \"En cours\";\n    } else if (line.estApprouvee) {\n        line.estApprouveeLabel = \"Approuvee\";\n    } else {\n        line.estApprouveeLabel = \"Rejetee\";\n    }\n}","exposed":false},"nouvelleDemandeConges":{"type":"json","value":"{\n    \"demandeInput\" : {\n        \"dateDebut\" : null,\n        \"nombreJours\" : null\n    }\n}\n","exposed":false},"informationDefinitionProcessus":{"type":"url","value":"../API/bpm/process?p=0&c=100&o=displayName%20DESC&s=Demande%20de%20Conges&f=user_id={{sessionInfo.user_id}}","exposed":false}}}