{"designerVersion":"1.3.25","favorite":false,"id":"eb4920ca-ce27-46e7-bbcd-56f2d6dfc59f","name":"demandeCongesApp","type":"page","lastUpdate":1479921033855,"rows":[[{"type":"component","dimension":{"xs":12},"propertyValues":{"cssClasses":{"type":"constant","value":""},"hidden":{"type":"constant","value":false},"text":{"type":"interpolation","value":"Application de gestion des demandes de conges"},"level":{"type":"constant","value":"Level 2"},"alignment":{"type":"constant","value":"center"}},"reference":"e175bd52-9bcf-40ef-8821-5e3504c07b3f","id":"pbTitle"}],[{"type":"formContainer","dimension":{"xs":12},"propertyValues":{"cssClasses":{"type":"constant","value":""},"hidden":{"type":"constant","value":false}},"reference":"8748ede0-3828-41f5-bd3b-48de87bcda65","container":{"type":"container","dimension":{"xs":12},"propertyValues":{},"reference":"7053bb26-3903-4c09-a46a-96717c2e74b9","rows":[[{"type":"component","dimension":{"xs":6},"propertyValues":{"cssClasses":{"type":"constant","value":""},"hidden":{"type":"constant","value":false},"readOnly":{"type":"constant","value":false},"required":{"type":"constant","value":false},"labelHidden":{"type":"constant","value":false},"label":{"type":"interpolation","value":"Date début"},"labelPosition":{"type":"constant","value":"top"},"labelWidth":{"type":"constant","value":4},"placeholder":{"type":"interpolation","value":"Enter a date (mm/dd/yyyy)"},"value":{"type":"variable","value":"formInput.demandeInput.dateDebut"},"dateFormat":{"type":"constant","value":"MM/dd/yyyy"},"showToday":{"type":"constant","value":false}},"reference":"cac8467b-bd8a-4645-9401-2959d090f40e","id":"pbDatePicker"},{"type":"component","dimension":{"xs":6},"propertyValues":{"cssClasses":{"type":"constant","value":""},"hidden":{"type":"constant","value":false},"required":{"type":"constant","value":false},"minLength":{"type":"constant","value":""},"maxLength":{"type":"constant","value":""},"readOnly":{"type":"constant","value":false},"labelHidden":{"type":"constant","value":false},"label":{"type":"interpolation","value":"Nombre de jours"},"labelPosition":{"type":"constant","value":"top"},"labelWidth":{"type":"constant","value":4},"placeholder":{"type":"interpolation"},"value":{"type":"variable","value":"formInput.demandeInput.nombreJours"},"type":{"type":"constant","value":"text"},"min":{"type":"constant"},"max":{"type":"constant"},"step":{"type":"constant","value":1}},"reference":"221a15b0-0eab-4eb7-820c-4a7109e36198","id":"pbInput"}],[{"type":"component","dimension":{"xs":12},"propertyValues":{"cssClasses":{"type":"constant","value":""},"hidden":{"type":"constant","value":false},"disabled":{"type":"constant","value":false},"label":{"type":"interpolation","value":"Créer une nouvelle demande"},"alignment":{"type":"constant","value":"center"},"buttonStyle":{"type":"constant","value":"primary"},"action":{"type":"constant","value":"POST"},"url":{"type":"interpolation","value":"../API/bpm/process/{{processDefinitionInfo[0].id}}/instantiation"},"dataToSend":{"type":"expression","value":"formInput"},"dataFromSuccess":{"type":"variable"},"dataFromError":{"type":"variable"},"targetUrlOnSuccess":{"type":"interpolation","value":"/bonita/apps/demandeConge"},"collectionToModify":{"type":"variable"},"collectionPosition":{"type":"constant","value":"Last"},"valueToAdd":{"type":"constant"},"removeItem":{"type":"variable"}},"reference":"273f1658-c0f7-4796-8e0c-71dd93494f19","id":"pbButton"}]]}}],[{"type":"component","dimension":{"xs":12},"propertyValues":{"cssClasses":{"type":"constant","value":""},"hidden":{"type":"constant","value":false},"text":{"type":"interpolation","value":"Suivi des demandes"},"level":{"type":"constant","value":"Level 4"},"alignment":{"type":"constant","value":"center"}},"reference":"c742e5dd-ff3c-447b-8323-1ddadb5d4ffa","id":"pbTitle"}],[{"type":"container","dimension":{"xs":12},"propertyValues":{"cssClasses":{"type":"constant","value":""},"hidden":{"type":"constant","value":false},"repeatedCollection":{"type":"variable","value":"leaveRequestStatus"}},"reference":"22791a70-5f88-49ac-8adc-7c0e9509046f","rows":[[{"type":"component","dimension":{"xs":3},"propertyValues":{"cssClasses":{"type":"constant","value":""},"hidden":{"type":"constant","value":false},"required":{"type":"constant","value":false},"minLength":{"type":"constant","value":""},"maxLength":{"type":"constant","value":""},"readOnly":{"type":"constant","value":true},"labelHidden":{"type":"constant","value":false},"label":{"type":"interpolation","value":"Num"},"labelPosition":{"type":"constant","value":"top"},"labelWidth":{"type":"constant","value":4},"placeholder":{"type":"interpolation"},"value":{"type":"variable","value":"$index+1"},"type":{"type":"constant","value":"text"},"min":{"type":"constant"},"max":{"type":"constant"},"step":{"type":"constant","value":1}},"reference":"f1779292-4cec-4b1b-8757-f760dea79e7c","id":"pbInput"},{"type":"component","dimension":{"xs":3},"propertyValues":{"cssClasses":{"type":"constant","value":""},"hidden":{"type":"constant","value":false},"readOnly":{"type":"constant","value":true},"required":{"type":"constant","value":false},"labelHidden":{"type":"constant","value":false},"label":{"type":"interpolation","value":"Date de début"},"labelPosition":{"type":"constant","value":"top"},"labelWidth":{"type":"constant","value":4},"placeholder":{"type":"interpolation","value":"Enter a date (mm/dd/yyyy)"},"value":{"type":"variable","value":"$item.dateDebut"},"dateFormat":{"type":"constant","value":"MM/dd/yyyy"},"showToday":{"type":"constant","value":false}},"reference":"a00ced3f-3574-4e58-b51d-6f8a2cefd848","id":"pbDatePicker"},{"type":"component","dimension":{"xs":3},"propertyValues":{"cssClasses":{"type":"constant","value":""},"hidden":{"type":"constant","value":false},"required":{"type":"constant","value":false},"minLength":{"type":"constant","value":""},"maxLength":{"type":"constant","value":""},"readOnly":{"type":"constant","value":true},"labelHidden":{"type":"constant","value":false},"label":{"type":"interpolation","value":"Nombre de jours"},"labelPosition":{"type":"constant","value":"top"},"labelWidth":{"type":"constant","value":4},"placeholder":{"type":"interpolation"},"value":{"type":"variable","value":"$item.nombreJours"},"type":{"type":"constant","value":"text"},"min":{"type":"constant"},"max":{"type":"constant"},"step":{"type":"constant","value":1}},"reference":"2ab27262-d2e0-4c47-9052-7241a811665a","id":"pbInput"},{"type":"component","dimension":{"xs":3},"propertyValues":{"cssClasses":{"type":"constant","value":""},"hidden":{"type":"constant","value":false},"required":{"type":"constant","value":false},"minLength":{"type":"constant","value":""},"maxLength":{"type":"constant","value":""},"readOnly":{"type":"constant","value":true},"labelHidden":{"type":"constant","value":false},"label":{"type":"interpolation","value":"Status"},"labelPosition":{"type":"constant","value":"top"},"labelWidth":{"type":"constant","value":4},"placeholder":{"type":"interpolation"},"value":{"type":"variable","value":"$item.estApprouveeLabel"},"type":{"type":"constant","value":"text"},"min":{"type":"constant"},"max":{"type":"constant"},"step":{"type":"constant","value":1}},"reference":"bda2ee2f-021b-4e1f-b437-a7674600ad35","id":"pbInput"}]]}]],"assets":[],"inactiveAssets":[],"data":{"sessionInfo":{"type":"url","value":"../API/system/session/unusedId","exposed":false},"leaveRequestStatus":{"type":"url","value":"../API/bdm/businessData/com.company.model.DemandeConges?q=findByIdDemandeur&p=0&c=100&f=idDemandeur={{sessionInfo.user_id}}","exposed":false},"updateLeaveRequestStatus":{"type":"expression","value":"for (let line of $data.leaveRequestStatus) {\r    if (line.estApprouvee === null) {\r        line.estApprouveeLabel = \"En cours\";\r    } else if (line.estApprouvee) {\r        line.estApprouveeLabel = \"Approuvee\";\r    } else {\r        line.estApprouveeLabel = \"Rejetee\";\r} \r    \r}","exposed":false},"formInput":{"type":"json","value":"{\r  \"demandeInput\" : {\r    \"dateDebut\" : null,\r    \"nombreJours\" : null\r  }\r}","exposed":false},"processDefinitionInfo":{"type":"constant","value":"../API/bpm/process?p=0&c=100&o=displayName%20DESC&s=Demande%20de%20Conges&f=user_id={{sessionInfo.user_id}}","exposed":false}}}