{"designerVersion":"1.3.25","favorite":false,"id":"1644de15-b318-4242-8c36-a5ba330f9f50","name":"LeaveRequestStatus","type":"page","lastUpdate":1478647909745,"rows":[[{"type":"component","dimension":{"xs":12},"propertyValues":{"cssClasses":{"type":"constant","value":""},"hidden":{"type":"constant","value":false},"text":{"type":"interpolation","value":"Leave request status"},"level":{"type":"constant","value":"Level 2"},"alignment":{"type":"constant","value":"center"}},"reference":"f3a0e817-2eb3-4536-9237-2aa5aa84c340","id":"pbTitle"}],[{"type":"formContainer","dimension":{"xs":12},"propertyValues":{"cssClasses":{"type":"constant","value":""},"hidden":{"type":"constant","value":false}},"reference":"37365ac3-8a33-4f69-81aa-a88fcd939c55","container":{"type":"container","dimension":{"xs":12},"propertyValues":{},"reference":"90ff9312-33de-4ce8-81c4-e0e402a67134","rows":[[{"type":"component","dimension":{"xs":6},"propertyValues":{"cssClasses":{"type":"constant","value":""},"hidden":{"type":"constant","value":false},"readOnly":{"type":"constant","value":false},"required":{"type":"constant","value":false},"labelHidden":{"type":"constant","value":false},"label":{"type":"interpolation","value":"Leave start"},"labelPosition":{"type":"constant","value":"top"},"labelWidth":{"type":"constant","value":4},"placeholder":{"type":"interpolation","value":"Enter a date (mm/dd/yyyy)"},"value":{"type":"variable","value":"requestInput.requestInput.leaveStart"},"dateFormat":{"type":"constant","value":"MM/dd/yyyy"},"showToday":{"type":"constant","value":false}},"reference":"77f0e964-c502-4608-a192-581220a2920a","id":"pbDatePicker"},{"type":"component","dimension":{"xs":6},"propertyValues":{"cssClasses":{"type":"constant","value":""},"hidden":{"type":"constant","value":false},"required":{"type":"constant","value":false},"minLength":{"type":"constant","value":""},"maxLength":{"type":"constant","value":""},"readOnly":{"type":"constant","value":false},"labelHidden":{"type":"constant","value":false},"label":{"type":"interpolation","value":"Number of days"},"labelPosition":{"type":"constant","value":"top"},"labelWidth":{"type":"constant","value":4},"placeholder":{"type":"interpolation"},"value":{"type":"variable","value":"requestInput.requestInput.dayCount"},"type":{"type":"constant","value":"text"},"min":{"type":"constant"},"max":{"type":"constant"},"step":{"type":"constant","value":1}},"reference":"46da4f95-e18e-4fd8-ba87-d1e8bc884cc9","id":"pbInput"}],[{"type":"component","dimension":{"xs":12},"propertyValues":{"cssClasses":{"type":"constant","value":""},"hidden":{"type":"constant","value":false},"disabled":{"type":"constant","value":false},"label":{"type":"interpolation","value":"Create a new request"},"alignment":{"type":"constant","value":"center"},"buttonStyle":{"type":"constant","value":"success"},"action":{"type":"constant","value":"POST"},"url":{"type":"interpolation","value":"../API/bpm/process/{{processDefinitionInfo[0].id}}/instantiation"},"dataToSend":{"type":"expression","value":"requestInput"},"dataFromSuccess":{"type":"variable"},"dataFromError":{"type":"variable"},"targetUrlOnSuccess":{"type":"interpolation","value":"/bonita/apps/leaveRequest"},"collectionToModify":{"type":"variable"},"collectionPosition":{"type":"constant","value":"Last"},"valueToAdd":{"type":"constant"},"removeItem":{"type":"variable"}},"reference":"eb68a55e-1d34-4586-b3c5-59e3594fbe11","id":"pbButton"}]]}}],[{"type":"component","dimension":{"xs":12},"propertyValues":{"cssClasses":{"type":"constant","value":""},"hidden":{"type":"constant","value":false},"text":{"type":"interpolation","value":"Leave request table"},"level":{"type":"constant","value":"Level 4"},"alignment":{"type":"constant","value":"center"}},"reference":"8e55442d-0ba9-4890-9f4e-9f04dbcf2936","id":"pbTitle"}],[{"type":"container","dimension":{"xs":12},"propertyValues":{"cssClasses":{"type":"constant","value":""},"hidden":{"type":"constant","value":false},"repeatedCollection":{"type":"variable","value":"leaveRequestStatus"}},"reference":"567fc2dc-336c-4b2d-8eeb-7740a08857d6","rows":[[{"type":"component","dimension":{"xs":3},"propertyValues":{"cssClasses":{"type":"constant","value":""},"hidden":{"type":"constant","value":false},"required":{"type":"constant","value":false},"minLength":{"type":"constant","value":""},"maxLength":{"type":"constant","value":""},"readOnly":{"type":"constant","value":true},"labelHidden":{"type":"constant","value":false},"label":{"type":"interpolation","value":"Num"},"labelPosition":{"type":"constant","value":"top"},"labelWidth":{"type":"constant","value":4},"placeholder":{"type":"interpolation"},"value":{"type":"variable","value":"$index+1"},"type":{"type":"constant","value":"text"},"min":{"type":"constant"},"max":{"type":"constant"},"step":{"type":"constant","value":1}},"reference":"16e7d4d1-ee96-46d8-9467-4e32960584c2","id":"pbInput"},{"type":"component","dimension":{"xs":3},"propertyValues":{"cssClasses":{"type":"constant","value":""},"hidden":{"type":"constant","value":false},"readOnly":{"type":"constant","value":true},"required":{"type":"constant","value":false},"labelHidden":{"type":"constant","value":false},"label":{"type":"interpolation","value":"Start date"},"labelPosition":{"type":"constant","value":"top"},"labelWidth":{"type":"constant","value":4},"placeholder":{"type":"interpolation","value":"Enter a date (mm/dd/yyyy)"},"value":{"type":"variable","value":"$item.leaveStart"},"dateFormat":{"type":"constant","value":"MM/dd/yyyy"},"showToday":{"type":"constant","value":false}},"reference":"5ba289ec-e0c1-46b2-bde8-e1572664abf9","id":"pbDatePicker"},{"type":"component","dimension":{"xs":3},"propertyValues":{"cssClasses":{"type":"constant","value":""},"hidden":{"type":"constant","value":false},"required":{"type":"constant","value":false},"minLength":{"type":"constant","value":""},"maxLength":{"type":"constant","value":""},"readOnly":{"type":"constant","value":true},"labelHidden":{"type":"constant","value":false},"label":{"type":"interpolation","value":"Number of days"},"labelPosition":{"type":"constant","value":"top"},"labelWidth":{"type":"constant","value":4},"placeholder":{"type":"interpolation"},"value":{"type":"variable","value":"$item.dayCount"},"type":{"type":"constant","value":"text"},"min":{"type":"constant"},"max":{"type":"constant"},"step":{"type":"constant","value":1}},"reference":"0c24285d-083b-48d4-b0e0-c236c045157e","id":"pbInput"},{"type":"component","dimension":{"xs":3},"propertyValues":{"cssClasses":{"type":"constant","value":""},"hidden":{"type":"constant","value":false},"required":{"type":"constant","value":false},"minLength":{"type":"constant","value":""},"maxLength":{"type":"constant","value":""},"readOnly":{"type":"constant","value":true},"labelHidden":{"type":"constant","value":false},"label":{"type":"interpolation","value":"Status"},"labelPosition":{"type":"constant","value":"top"},"labelWidth":{"type":"constant","value":4},"placeholder":{"type":"interpolation"},"value":{"type":"variable","value":"$item.isApprovedLabel"},"type":{"type":"constant","value":"text"},"min":{"type":"constant"},"max":{"type":"constant"},"step":{"type":"constant","value":1}},"reference":"6f69bb17-60f9-4594-a6bc-15a06bb268bc","id":"pbInput"}]]}]],"assets":[],"inactiveAssets":[],"data":{"leaveRequestStatus":{"type":"url","value":"../API/bdm/businessData/com.company.model.LeaveRequest?q=findByRequestorId&p=0&c=100&f=requestorId={{sessionInfo.user_id}}","exposed":false},"sessionInfo":{"type":"url","value":"../API/system/session/unusedId","exposed":false},"LeaveRequestStatusPolished":{"type":"expression","value":"\nfor (let line of $data.leaveRequestStatus) {\n    console.log($data.processDefinitionInfo);\n\n    if (line.isApproved === null) {\n        line.isApprovedLabel = \"In progress\"; \n    } else if (line.isApproved) {\n        line.isApprovedLabel = \"Approved\"; \n    } else {\n        line.isApprovedLabel = \"Rejected\"; \n    }\n}\n","exposed":false},"processDefinitionInfo":{"type":"url","value":"../API/bpm/process?s=Leave%20Request&o=version%20DESC","exposed":false},"urlStartForm":{"type":"expression","value":"return \"/bonita/portal/resource/process/\" + $data.processDefinitionInfo[0].name + \"/\" + $data.processDefinitionInfo[0].version + \"/content/?id=\"+$data.processDefinitionInfo[0].id + \"&locale=en&autoInstantiate=false\";","exposed":false},"requestInput":{"type":"json","value":"{\r\n  \"requestInput\" : {\r\n    \"leaveStart\" : null,\r\n    \"dayCount\" : null\r\n  }\r\n}","exposed":false}}}